{"cameraMode":{"drawMode":0,"name":"Shaded","section":"Shading Mode"},"sceneLighting":false,"audioPlay":false,"sceneViewState":{"showFog":true,"showMaterialUpdate":false,"showSkybox":true,"showFlares":true,"showImageEffects":true,"showParticleSystems":true},"in2DMode":false,"pivot":{"x":13.35484504699707,"y":0.6559749841690064,"z":12.714884757995606},"rotation":{"x":-0.23875097930431367,"y":0.31545358896255495,"z":-0.0823376402258873,"w":-0.9147171974182129},"size":2.458538770675659,"orthographic":false}