{"cameraMode":{"drawMode":0,"name":"Shaded","section":"Shading Mode"},"sceneLighting":false,"audioPlay":false,"sceneViewState":{"showFog":true,"showMaterialUpdate":false,"showSkybox":true,"showFlares":true,"showImageEffects":true,"showParticleSystems":true},"in2DMode":false,"pivot":{"x":11.785026550292969,"y":0.7586426138877869,"z":12.326597213745118},"rotation":{"x":-0.04411507025361061,"y":0.7798685431480408,"z":-0.055319420993328097,"w":-0.6219314932823181},"size":6.665886402130127,"orthographic":false}