{"cameraMode":{"drawMode":0,"name":"Shaded","section":"Shading Mode"},"sceneLighting":false,"audioPlay":false,"sceneViewState":{"showFog":true,"showMaterialUpdate":false,"showSkybox":true,"showFlares":true,"showImageEffects":true,"showParticleSystems":true},"in2DMode":false,"pivot":{"x":144.4110565185547,"y":8.669731140136719,"z":12.709657669067383},"rotation":{"x":0.059184275567531589,"y":-0.1621560901403427,"z":0.009747360832989216,"w":0.9849404692649841},"size":8.513713836669922,"orthographic":false}