{"cameraMode":{"drawMode":0,"name":"Shaded","section":"Shading Mode"},"sceneLighting":false,"audioPlay":false,"sceneViewState":{"showFog":true,"showMaterialUpdate":false,"showSkybox":true,"showFlares":true,"showImageEffects":true,"showParticleSystems":true},"in2DMode":false,"pivot":{"x":23.761178970336915,"y":26.44715118408203,"z":82.83045959472656},"rotation":{"x":-0.3589088022708893,"y":-0.33044227957725527,"z":0.13757802546024323,"w":-0.8620120286941528},"size":34.72629165649414,"orthographic":false}