{"cameraMode":{"drawMode":0,"name":"Shaded","section":"Shading Mode"},"sceneLighting":true,"audioPlay":false,"sceneViewState":{"showFog":true,"showMaterialUpdate":false,"showSkybox":true,"showFlares":true,"showImageEffects":true,"showParticleSystems":true},"in2DMode":false,"pivot":{"x":17.353824615478517,"y":-0.5223512649536133,"z":42.08061218261719},"rotation":{"x":0.3306882977485657,"y":-0.06227647885680199,"z":0.02187553234398365,"w":0.9414288997650147},"size":22.0,"orthographic":false}