{"cameraMode":{"drawMode":0,"name":"Shaded","section":"Shading Mode"},"sceneLighting":false,"audioPlay":false,"sceneViewState":{"showFog":true,"showMaterialUpdate":false,"showSkybox":true,"showFlares":true,"showImageEffects":true,"showParticleSystems":true},"in2DMode":false,"pivot":{"x":-0.04531818628311157,"y":0.9939162731170654,"z":0.24875232577323914},"rotation":{"x":0.06168905645608902,"y":0.9221562743186951,"z":-0.16524268686771394,"w":0.34426334500312807},"size":5.8946990966796879,"orthographic":false}