{"cameraMode":{"drawMode":0,"name":"Shaded","section":"Shading Mode"},"sceneLighting":false,"audioPlay":false,"sceneViewState":{"showFog":true,"showMaterialUpdate":false,"showSkybox":true,"showFlares":true,"showImageEffects":true,"showParticleSystems":true},"in2DMode":false,"pivot":{"x":16.545000076293947,"y":1.403499960899353,"z":18.75},"rotation":{"x":-0.06033162772655487,"y":0.9271510243415833,"z":-0.17044717073440553,"w":-0.32817524671554568},"size":85.08100891113281,"orthographic":false}