{"cameraMode":{"drawMode":0,"name":"Shaded","section":"Shading Mode"},"sceneLighting":false,"audioPlay":false,"sceneViewState":{"showFog":true,"showMaterialUpdate":false,"showSkybox":true,"showFlares":true,"showImageEffects":true,"showParticleSystems":true},"in2DMode":false,"pivot":{"x":13.719018936157227,"y":0.7900000214576721,"z":13.414321899414063},"rotation":{"x":-0.02310727909207344,"y":0.9605762362480164,"z":-0.08408232033252716,"w":-0.26398766040802},"size":3.658538579940796,"orthographic":false}