{"cameraMode":{"drawMode":0,"name":"Shaded","section":"Shading Mode"},"sceneLighting":false,"audioPlay":false,"sceneViewState":{"showFog":true,"showMaterialUpdate":false,"showSkybox":true,"showFlares":true,"showImageEffects":true,"showParticleSystems":true},"in2DMode":false,"pivot":{"x":3.2277534008026125,"y":4.953168869018555,"z":0.36352166533470156},"rotation":{"x":0.09619966894388199,"y":-0.6627717614173889,"z":-0.08644460886716843,"w":-0.7375680804252625},"size":0.18890690803527833,"orthographic":false}