{"cameraMode":{"drawMode":0,"name":"Shaded","section":"Shading Mode"},"sceneLighting":false,"audioPlay":false,"sceneViewState":{"showFog":true,"showMaterialUpdate":false,"showSkybox":true,"showFlares":true,"showImageEffects":true,"showParticleSystems":true},"in2DMode":false,"pivot":{"x":16.545000076293947,"y":1.403499960899353,"z":18.75},"rotation":{"x":-0.051794156432151797,"y":-0.8963485956192017,"z":0.10881157964468003,"w":-0.42665746808052065},"size":85.08100891113281,"orthographic":false}