{"cameraMode":{"drawMode":0,"name":"Shaded","section":"Shading Mode"},"sceneLighting":true,"audioPlay":false,"sceneViewState":{"showFog":true,"showMaterialUpdate":false,"showSkybox":true,"showFlares":true,"showImageEffects":true,"showParticleSystems":true},"in2DMode":false,"pivot":{"x":17.619497299194337,"y":-1.2440818548202515,"z":19.498428344726564},"rotation":{"x":-0.2883639633655548,"y":0.04220966994762421,"z":-0.01272477488964796,"w":-0.9565054774284363},"size":26.648908615112306,"orthographic":false}