{"cameraMode":{"drawMode":0,"name":"Shaded","section":"Shading Mode"},"sceneLighting":false,"audioPlay":false,"sceneViewState":{"showFog":true,"showMaterialUpdate":false,"showSkybox":true,"showFlares":true,"showImageEffects":true,"showParticleSystems":true},"in2DMode":false,"pivot":{"x":2.9000000953674318,"y":5.209000110626221,"z":3.787764549255371},"rotation":{"x":-0.112692691385746,"y":0.6245027780532837,"z":-0.09170905500650406,"w":-0.7673891186714172},"size":5.277157306671143,"orthographic":false}