{"cameraMode":{"drawMode":0,"name":"Shaded","section":"Shading Mode"},"sceneLighting":false,"audioPlay":false,"sceneViewState":{"showFog":true,"showMaterialUpdate":false,"showSkybox":true,"showFlares":true,"showImageEffects":true,"showParticleSystems":true},"in2DMode":false,"pivot":{"x":-0.33747029304504397,"y":0.9635884761810303,"z":0.022418856620788575},"rotation":{"x":0.028674161061644555,"y":0.9103519320487976,"z":0.06400332599878311,"w":-0.40784895420074465},"size":2.4452342987060549,"orthographic":false}